{"cameraMode":{"drawMode":0,"name":"Shaded","section":"Shading Mode"},"sceneLighting":true,"audioPlay":false,"sceneViewState":{"showFog":true,"showMaterialUpdate":false,"showSkybox":true,"showFlares":true,"showImageEffects":true,"showParticleSystems":true},"in2DMode":false,"pivot":{"x":0.20959696173667909,"y":-2.8043017387390138,"z":-7.9755449295043949},"rotation":{"x":0.002086448948830366,"y":0.9905442595481873,"z":-0.13636785745620728,"w":0.015157434158027172},"size":7.148805141448975,"orthographic":false}